40,19122
40,525103
74,295
105,8491
113,18092
113,37496
113,37497
113,38551
113,47351
113,50729
113,55404
113,57536
113,69023
113,69050
113,69181
113,69383
113,69384
113,69385
113,69386
113,69387
113,78790
113,80411
113,84583
113,90435
113,94404
113,102023
113,104151
113,106248
113,122231
113,145864
113,149702
113,159675
113,160661
113,163102
113,163794
113,163796
113,163798
113,163800
113,163802
113,163816
113,171640
113,173965
113,174003
113,174115
113,174516
113,179999
113,180004
113,187117
113,187128
113,192078
113,192080
113,192690
113,202684
114,7525
114,19034
114,20873
114,20874
114,20875
114,20876
114,20877
114,20878
114,21154
114,21381
114,33293
114,40390
114,42222
114,43865
114,64650
114,66601
147,34408
147,41324
147,83047
147,85548
147,121684
147,137476
147,143164
147,146671
147,166534
147,166736
147,169262
147,169311
147,169946
147,169948
147,169949
147,170094
147,170100
147,173421
147,173513
147,196044
147,200981
147,201242
147,202066
147,204909
147,219967
147,223932
147,224785
147,224798
147,228167
147,230809
147,230831
147,230859
147,239754
147,255706
147,256784
147,258893
147,269119
147,281684
147,289669
147,289687
147,298478
147,303907
147,319117
147,325593
147,330994
147,332298
147,338270
147,349346
147,353829
147,360292
147,361711
147,366340
147,371006
147,373046
147,378967
147,378968
147,378969
147,381053
147,385973
147,397140
147,402211
147,405541
147,405842
147,405895
147,407885
147,418194
147,418259
147,423360
147,434140
147,438290
147,444722
147,461083
147,461098
147,461593
147,463879
147,475616
147,497477
147,509952
147,512090
147,513343
147,513552
174,5262
174,65664
174,207832
174,207984
174,208693
174,208694
177,1736
177,954529
255,3048
255,7261
255,16291
277,5090
277,5278
277,9679
277,30887
277,32372
287,14
287,23
287,1618
287,1677
304,67084
304,484880
387,1612
387,1665
401,11970
401,19549
430,23677
462,399905
462,400038
490,34619
490,34791
490,113313
490,202920
490,368523
509,268
509,723
509,2469
509,2470
509,2471
509,2472
509,2473
509,2474
509,2475
509,2877
509,3450
509,3511
509,5568
509,5569
509,5570
509,5577
509,5578
509,5579
509,5580
509,5815
509,5867
509,5868
509,5869
509,5870
509,5871
509,5872
509,5873
509,5874
509,5875
509,5876
509,5877
509,5878
509,5879
509,5889
509,5892
509,5914
509,7706
509,8180
509,9280
509,9976
509,18079
509,27241
509,28476
509,36959
509,37621
509,37622
509,53171
509,53817
509,60502
509,60503
509,60504
509,60505
509,60506
509,60507
509,60508
509,60509
509,60510
509,60511
509,60512
509,60513
509,60514
509,60515
509,60516
509,60517
509,60518
509,60519
509,60520
509,60521
509,60522
509,60523
509,60524
509,82408
509,88557
509,91181
509,91189
509,91196
509,91394
509,95646
509,98804
509,98806
509,100423
509,100424
509,123607
509,127462
509,154777
509,163778
509,165380
509,166094
509,166330
509,166331
509,184577
530,4803
532,171838
532,235486
532,408894
532,1236479
532,1285059
582,2507
582,3551
582,4706
582,5948
596,1603
596,2688
596,2691
596,2692
596,2693
596,2694
596,2695
596,7573
596,7574
596,7576
634,3086
634,3262
644,25100
644,43981
644,54239
644,61035
644,61037
644,87661
644,87839
644,91674
644,95952
644,97659
644,102614
644,119805
663,2751
663,17999
663,39498
684,24733
684,24734
690,2201
691,2522
691,2578
691,2579
691,2581
691,2583
691,2584
691,2585
691,2588
691,2589
691,2590
691,2591
691,2592
691,2593
691,2595
691,2598
691,2599
691,2600
691,2601
691,2602
691,2603
691,2604
691,2605
691,2606
691,2619
691,2620
691,2629
691,2630
691,2694
691,2790
691,2928
691,2936
691,2974
691,2996
691,2998
691,2999
691,3000
691,3001
691,3002
691,3003
691,3004
691,3005
691,3006
691,3022
691,3049
691,3053
691,3058
691,3061
691,3064
691,3130
691,3189
691,3190
691,3206
691,3208
691,3209
691,3271
691,3272
691,3273
691,3282
691,3283
691,3310
691,3360
691,3368
691,3371
691,3504
691,3742
691,3831
691,3832
691,4038
691,4128
691,4129
691,4210
691,4217
691,4218
691,4226
691,4227
691,4228
691,4244
691,4309
691,4310
691,4311
691,4312
691,4313
691,4314
691,4333
691,4335
691,4337
691,4338
691,4398
691,4414
691,4480
691,4549
691,4559
691,4593
691,4612
691,4693
691,4945
691,4946
691,4990
691,5120
691,5153
691,5260
691,5277
691,5278
691,5279
691,5280
691,5281
691,5319
691,5352
691,5382
691,5416
691,5423
691,5468
691,5515
691,5537
691,5540
691,5565
691,5583
691,5646
691,5650
691,5719
691,5738
691,5749
691,5787
691,5788
691,5789
691,5790
691,5832
691,5852
691,5868
691,5869
691,5905
691,5912
691,6021
691,6022
691,6065
691,6066
691,6067
691,6068
691,6101
691,6104
691,6122
691,6286
691,6292
691,6293
691,6294
691,6295
691,6310
691,6311
691,6312
691,6368
691,6373
691,6412
691,6501
691,6502
691,6547
691,6608
691,6609
691,6638
691,6639
691,6641
691,6643
691,6645
691,6649
691,6651
691,6653
691,6655
691,6657
691,6659
691,6661
691,6663
691,6665
691,6733
691,6734
691,6735
691,6736
691,6752
691,6755
691,6756
691,6757
691,6779
691,6780
691,6781
691,6782
691,6812
691,6822
691,6837
691,6842
691,6843
691,6844
691,6845
691,6846
691,6847
691,6848
691,6849
691,6850
691,6851
691,6852
691,6853
691,6854
691,6855
691,6856
691,6857
691,6904
691,6946
691,6949
691,6950
691,6951
691,6952
691,6953
691,6954
691,6955
691,6956
691,6957
691,6958
691,6959
691,6960
691,6961
691,6962
691,6963
691,6964
691,6965
691,6966
691,6967
691,6968
691,6973
691,6990
691,7007
691,7008
691,7016
691,7021
691,7069
691,7133
691,7134
691,7135
691,7136
691,7137
691,7251
691,7272
691,7273
691,7274
691,7277
691,7278
691,7279
691,7280
691,7281
691,7283
691,7284
691,7287
691,7290
691,7364
691,7372
691,7373
691,7444
691,7470
691,7501
691,7502
691,7503
691,7504
691,7505
691,7506
691,7507
691,7508
691,7554
691,7668
691,7708
691,7802
691,7803
691,7804
691,7805
691,7812
691,7813
691,7869
691,7956
691,7961
691,7966
691,8036
691,8037
691,8096
691,8102
691,8107
691,8139
691,8196
691,8243
691,8248
691,8316
691,8400
691,8414
691,8430
691,8457
691,8581
691,8635
691,8968
691,9473
691,9618
691,9776
691,9786
691,9881
691,9882
691,10133
691,10204
691,10531
691,10603
691,10604
691,10605
691,10684
691,11241
691,11243
691,11385
691,11397
691,11400
691,11403
691,11412
691,11434
691,11436
691,11438
691,11613
691,11628
691,11629
691,11656
691,11657
691,11658
691,11753
691,11796
691,11808
691,11809
691,11810
691,11811
691,11812
691,11813
691,11821
691,11982
691,12023
691,12036
691,12096
691,12107
691,12108
691,12109
691,12110
691,12112
691,12113
691,12143
691,12184
691,12185
691,12244
691,12267
691,12371
691,12375
691,12393
691,12465
691,12482
691,12483
691,12484
691,12544
691,12560
691,12561
691,12562
691,12576
691,12589
691,12609
691,12730
691,12786
691,12787
691,12815
691,12819
691,12827
691,12828
691,12842
691,12878
691,12879
691,12884
691,12931
691,12936
691,12947
691,12996
691,13000
691,13034
691,13035
691,13073
691,13311
691,13347
691,13380
691,13383
691,13384
691,13443
691,13476
691,13477
691,13478
691,13482
691,13483
691,13496
691,13531
691,13548
691,13694
691,13750
691,13755
691,13762
691,13767
691,13768
691,13769
691,13771
691,13772
691,13773
691,13774
691,13775
691,13878
691,14005
691,14146
691,14221
691,14264
691,14267
691,14309
691,14439
691,14452
691,14522
691,14523
691,14524
691,14527
691,14528
691,14529
691,14545
691,14546
691,14648
691,14649
691,14658
691,14733
691,14914
691,15011
691,15017
691,15024
691,15072
691,15137
691,15251
691,15487
691,15518
691,15606
691,15615
691,15616
691,15617
691,15618
691,15619
691,15667
691,15697
691,15698
691,15699
691,15702
691,15703
691,15705
691,15706
691,15707
691,15708
691,15709
691,15711
691,15713
691,15714
691,15810
691,15813
691,15814
691,15815
691,15816
691,15817
691,15818
691,15874
691,15883
691,15895
691,15907
691,15947
691,15950
691,15953
691,16018
691,16075
691,16078
691,16092
691,16093
691,16096
691,16121
691,16125
691,16274
691,16372
691,16459
691,16492
691,16644
691,16645
691,16840
691,17341
691,17356
691,17457
691,17504
691,17604
691,17608
691,17615
691,17621
691,17624
691,17628
691,17631
691,17635
691,17637
691,17640
691,17643
691,17764
691,17765
691,17766
691,17768
691,17770
691,17771
691,17835
691,17849
691,17852
691,17853
691,17854
691,17855
691,17856
691,17857
691,17885
691,18019
691,18323
691,18380
691,18487
691,18496
691,18497
691,18498
691,18499
691,18500
691,18640
691,18645
691,18646
691,18647
691,18649
691,18650
691,18652
691,18654
691,18655
691,18657
691,18658
691,18659
691,18660
691,18661
691,18662
691,18663
691,18665
691,18667
691,18670
691,18671
691,18672
691,18673
691,18674
691,18675
691,18858
691,19001
691,19002
691,19514
691,19809
691,19849
691,19851
691,20053
691,20134
691,20190
691,20200
691,20223
691,20226
691,20227
691,20228
691,20229
691,20354
691,20355
691,20375
691,20376
691,20377
691,20378
691,20379
691,20380
691,20381
691,20395
691,20400
691,20401
691,20402
691,20429
691,20430
691,20431
691,20432
691,20434
691,20436
691,20437
691,20439
691,20440
691,20441
691,20442
691,20443
691,20444
691,20445
691,20446
691,20447
691,20448
691,20449
691,20450
691,20451
691,20452
691,20453
691,20454
691,20455
691,20456
691,20457
691,20458
691,20459
691,20460
691,20461
691,20462
691,20463
691,20464
691,20465
691,20466
691,20467
691,20468
691,20469
691,20470
691,20471
691,20472
691,20473
691,20474
691,20475
691,20476
691,20477
691,20478
691,20479
691,20480
691,20481
691,20482
691,20483
691,20484
691,20485
691,20486
691,20487
691,20488
691,20489
691,20490
691,20491
691,20492
691,20493
691,20494
691,20495
691,20496
691,20497
691,20498
691,20499
691,20500
691,20501
691,20502
691,20503
691,20504
691,20505
691,20506
691,20507
691,20508
691,20509
691,20510
691,20833
691,20941
691,20954
691,20962
691,20964
691,20965
691,21002
691,21100
691,21149
691,21177
691,21267
691,21337
691,21516
691,21541
691,21632
691,21637
691,21640
691,21655
691,21670
691,21789
691,21867
691,21885
691,22113
691,22271
691,22278
691,22328
691,22470
691,22914
691,22930
691,23065
691,23068
691,23071
691,23080
691,23114
691,23146
691,23171
691,23195
691,23196
691,23197
691,23204
691,23255
691,23257
691,23259
691,23262
691,23263
691,23264
691,23276
691,23303
691,23304
691,23307
691,23308
691,23310
691,23311
691,23312
691,23314
691,23315
691,23316
691,23318
691,23321
691,23322
691,23324
691,23332
691,23338
691,23391
691,23430
691,23431
691,23432
691,23435
691,23440
691,23441
691,23442
691,23443
691,23492
691,23571
691,23584
691,23591
691,23592
691,23729
691,23757
691,23774
691,23776
691,23777
691,23778
691,23921
691,23922
691,23925
691,23928
691,24103
691,24109
691,24158
691,24159
691,24171
691,24172
691,24173
691,24174
691,24175
691,24176
691,24177
691,24178
691,24348
691,24470
691,24471
691,24476
691,24477
691,24957
691,24961
691,25002
691,25003
691,25004
691,25005
691,25006
691,25008
691,25010
691,25011
691,25012
691,25013
691,25014
691,25018
691,25019
691,25020
691,25021
691,25022
691,25023
691,25024
691,25025
691,25026
691,25027
691,25028
691,25029
691,25204
691,25537
691,25756
691,25855
691,25888
691,25924
691,25929
691,25947
691,25949
691,26479
691,26584
691,26603
691,26621
691,26622
691,26670
691,26698
691,26700
691,26750
691,26751
691,26777
691,26778
691,26827
691,26865
691,26874
691,26958
691,27058
691,27232
691,27347
691,27348
691,27349
691,27350
691,27351
691,27352
691,27353
691,27354
691,27355
691,27357
691,27358
691,27359
691,27360
691,27362
691,27363
691,27364
691,27365
691,27366
691,27377
691,27378
691,27379
691,27380
691,27381
691,27382
691,27383
691,27384
691,27389
691,27391
691,27392
691,27393
691,27396
691,27397
691,27398
691,27399
691,27400
691,27401
691,27402
691,27403
691,27404
691,27405
691,27406
691,27407
691,27408
691,27409
691,27410
691,27411
691,27412
691,27413
691,27414
691,27415
691,27416
691,27417
691,27418
691,27446
691,27456
691,27508
691,27512
691,27582
691,27623
691,27639
691,27643
691,27647
691,27649
691,27650
691,27652
691,27653
691,27654
691,27656
691,27657
691,27659
691,27661
691,27662
691,27663
691,27664
691,27665
691,27666
691,27667
691,27668
691,27669
691,27670
691,27671
691,27672
691,27673
691,27674
691,27676
691,27677
691,27678
691,27679
691,27680
691,27681
691,27682
691,27683
691,27685
691,27686
691,27688
691,27689
691,27693
691,27705
691,27706
691,27707
691,27708
691,27709
691,27711
691,27713
691,27727
691,27888
691,27889
691,27890
691,27891
691,27892
691,27893
691,27894
691,27895
691,27897
691,27898
691,27910
691,27944
691,27964
691,27965
691,27966
691,27967
691,27968
691,27969
691,27970
691,27971
691,27972
691,27977
691,28041
691,28047
691,28050
691,28052
691,28054
691,28055
691,28056
691,28057
691,28058
691,28059
691,28060
691,28061
691,28062
691,28063
691,28064
691,28131
691,28132
691,28138
691,28139
691,28140
691,28141
691,28142
691,28143
691,28144
691,28146
691,28147
691,28148
691,28149
691,28150
691,28152
691,28153
691,28154
691,28155
691,28156
691,28157
691,28520
691,28547
691,28550
691,28574
691,28575
691,28615
691,28616
691,28617
691,28627
691,28629
691,28630
691,28701
691,28724
691,28727
691,28728
691,28739
691,28778
691,28790
691,28856
691,28944
691,28945
691,28968
691,29031
691,29099
691,29111
691,29113
691,29153
691,29174
691,29185
691,29227
691,29238
691,29364
691,29493
691,29833
691,29909
691,29910
691,30233
691,30398
691,30520
691,30548
691,30560
691,30563
691,30607
691,30726
691,30738
691,30793
691,30808
691,30872
691,30873
691,30884
691,30935
691,30939
691,30983
691,31019
691,31022
691,31039
691,31049
691,31057
691,31120
691,31154
691,31164
691,31166
691,31238
691,31263
691,31356
691,31448
691,31488
691,31495
691,31496
691,31497
691,31506
691,31514
691,31537
691,31538
691,31547
691,31557
691,31561
691,31591
691,31592
691,31593
691,31594
691,31632
691,31635
691,31681
691,31701
691,31715
691,31716
691,31718
691,31721
691,31722
691,31756
691,31769
691,31770
691,31771
691,31772
691,31774
691,31777
691,31778
691,31780
691,31781
691,31782
691,31788
691,31789
691,31790
691,31792
691,31793
691,31794
691,31795
691,31809
691,31863
691,31871
691,31872
691,31873
691,31939
691,31947
691,31995
691,31996
691,32000
691,32011
691,32137
691,32139
691,32144
691,32265
691,32276
691,32291
691,32304
691,32366
691,32370
691,32371
691,32462
691,32474
691,32501
691,32511
691,32515
691,32517
691,32567
691,32613
691,32801
691,32940
691,32965
691,33071
691,33132
691,33147
691,33193
691,33204
691,33207
691,33309
691,33404
691,33439
691,33444
691,33505
691,33532
691,33533
691,33534
691,33535
691,33601
691,33603
691,33608
691,33609
691,33610
691,33611
691,33612
691,33613
691,33615
691,33617
691,33618
691,33619
691,33620
691,33622
691,33623
691,33626
691,33627
691,33636
691,33645
691,33646
691,33649
691,33650
691,33651
691,33654
691,33663
691,33664
691,33665
691,33666
691,33667
691,33668
691,33691
691,33698
691,33741
691,33742
691,33803
691,33804
691,33805
691,33806
691,33807
691,33808
691,33809
691,33810
691,33811
691,33822
691,33835
691,33845
691,33846
691,33849
691,33861
691,33870
691,33871
691,33872
691,33875
691,33878
691,33879
691,33880
691,33881
691,33882
691,33883
691,33884
691,33885
691,33886
691,33887
691,33890
691,33900
691,33907
691,33908
691,33915
691,33929
691,33961
691,33962
691,33963
691,33964
691,33965
691,33966
691,34026
691,34048
691,34053
691,34082
691,34150
691,34151
691,34161
691,34164
691,34171
691,34187
691,34213
691,34226
691,34251
691,34345
691,34346
691,34357
691,34358
691,34360
691,34442
691,34626
691,34702
691,34704
691,34740
691,34741
691,34742
691,34743
691,34744
691,34808
691,34810
691,34841
691,34897
691,34898
691,34964
691,34965
691,34966
691,34968
691,34976
691,35011
691,35030
691,35031
691,35032
691,35052
691,35077
691,35102
691,35160
691,35230
691,35260
691,35262
691,35280
691,35411
691,35412
691,35439
691,35497
691,35532
691,35564
691,35569
691,35577
691,35609
691,35641
691,35819
691,36277
691,36381
691,36388
691,36685
691,37054
691,37060
691,37257
691,37414
691,37501
691,37543
691,37544
691,37546
691,37547
691,37560
691,37564
691,37658
691,37659
691,37660
691,37661
691,37662
691,37663
691,37664
691,37668
691,37685
691,37888
691,38137
691,38151
691,38322
691,38680
691,38681
691,38682
691,38683
691,38684
691,38687
691,38688
691,38689
691,38690
691,38691
691,38692
691,38693
691,38694
691,38731
691,38746
691,38777
691,38787
691,38788
691,38789
691,39062
691,39103
691,39104
691,39151
691,39187
691,39205
691,39252
691,39443
691,39459
691,39460
691,39461
691,39568
691,39569
691,39612
691,39613
691,39655
691,39674
691,39706
691,39712
691,39713
691,39714
691,39715
691,39716
691,39717
691,39719
691,39720
691,39721
691,39722
691,39754
691,39852
691,39940
691,40136
691,40647
691,40705
691,40706
691,40707
691,40708
691,40709
691,40710
691,40762
691,40763
691,40809
691,41045
691,41061
691,41122
691,41147
691,41171
691,41207
691,41208
691,41209
691,41210
691,41211
691,41212
691,41213
691,41214
691,41226
691,41227
691,41232
691,41234
691,41243
691,41289
691,41290
691,41291
691,41381
691,41382
691,41429
691,41455
691,41498
691,41500
691,41504
691,41648
691,41730
691,41797
691,41801
691,41837
691,41933
691,42316
691,42373
691,42447
691,42468
691,42482
691,42506
691,42507
691,42508
691,42525
691,42712
691,42720
691,42872
691,42876
691,42877
691,42878
691,42879
691,42892
691,43022
691,43038
691,43040
691,43045
691,43046
691,43047
691,43048
691,43049
691,43050
691,43078
691,43079
691,43080
691,43081
691,43082
691,43083
691,43084
691,43085
691,43086
691,43087
691,43090
691,43091
691,43092
691,43102
691,43104
691,43105
691,43106
691,43107
691,43108
691,43109
691,43110
691,43147
691,43260
691,43261
691,43263
691,43264
691,43269
691,43278
691,43307
691,43310
691,43320
691,43321
691,43322
691,43382
691,43400
691,43511
691,43518
691,43524
691,43525
691,43526
691,43551
691,43593
691,43612
691,43613
691,43614
691,43615
691,43627
691,43634
691,43635
691,43636
691,43637
691,43638
691,43639
691,43640
691,43693
691,43840
691,43852
691,43853
691,43927
691,43967
691,43969
691,43995
691,44039
691,44061
691,44062
691,44108
691,44109
691,44110
691,44113
691,44114
691,44116
691,44117
691,44127
691,44129
691,44379
691,44419
691,44453
691,44454
691,44455
691,44456
691,44457
691,44458
691,44970
691,44972
691,45024
691,45045
691,45059
691,45173
691,45174
691,45175
691,45176
691,45177
691,45178
691,45179
691,45180
691,45187
691,45188
691,45189
691,45190
691,45191
691,45194
691,45195
691,45196
691,45197
691,45198
691,45199
691,45200
691,45201
691,45250
691,45263
691,45274
691,45284
691,45311
691,45312
691,45345
691,45348
691,45426
691,45427
691,45497
691,45530
691,45581
691,45582
691,45728
691,45755
691,45770
691,45974
691,46047
691,46193
691,46194
691,46195
691,46196
691,46199
691,46200
691,46202
691,46204
691,46209
691,46210
691,46216
691,46242
691,46250
691,46252
691,46254
691,46255
691,46256
691,46257
691,46258
691,46259
691,46260
691,46261
691,46262
691,46264
691,46266
691,46268
691,46269
691,46271
691,46272
691,46273
691,46274
691,46275
691,46276
691,46277
691,46278
691,46279
691,46280
691,46282
691,46283
691,46284
691,46285
691,46286
691,46287
691,46288
691,46289
691,46290
691,46291
691,46292
691,46293
691,46294
691,46295
691,46296
691,46297
691,46298
691,46299
691,46300
691,46301
691,46302
691,46303
691,46304
691,46305
691,46306
691,46307
691,46308
691,46309
691,46310
691,46311
691,46312
691,46313
691,46314
691,46315
691,46316
691,46317
691,46318
691,46321
691,46322
691,46337
691,46339
691,46351
691,46352
691,46353
691,46354
691,46356
691,46357
691,46358
691,46360
691,46361
691,46362
691,46363
691,46364
691,46365
691,46366
691,46367
691,46404
691,46405
691,46453
691,46454
691,46455
691,46478
691,46707
691,46771
691,46799
691,46800
691,46808
691,46809
691,46810
691,46811
691,46812
691,46813
691,46814
691,46841
691,46857
691,46904
691,46946
691,47009
691,47014
691,47015
691,47055
691,47059
691,47124
691,47186
691,47206
691,47222
691,47224
691,47225
691,47226
691,47239
691,47244
691,47262
691,47370
691,47381
691,47535
691,47572
691,47574
691,47575
691,47576
691,47586
691,47587
691,47588
691,47611
691,47612
691,47613
691,47725
691,47737
691,47816
691,47837
691,47873
691,47941
691,47979
691,47980
691,47981
691,47982
691,48030
691,48048
691,48049
691,48051
691,48052
691,48053
691,48066
691,48107
691,48108
691,48109
691,48124
691,48181
691,48187
691,48198
691,48237
691,48243
691,48301
691,48302
691,48303
691,48304
691,48315
691,48316
691,48317
691,48318
691,48323
691,48479
691,48502
691,48540
691,48668
691,48755
691,48856
691,48858
691,48869
691,48872
691,48873
691,48989
691,49100
691,49190
691,49199
691,49215
691,49235
691,49264
691,49288
691,49453
691,49454
691,49681
691,49684
691,49733
691,49771
691,49798
691,49807
691,49920
691,49945
691,49998
691,50095
691,50099
691,50144
691,50145
691,50146
691,50147
691,50148
691,50149
691,50150
691,50151
691,50152
691,50153
691,50154
691,50155
691,50156
691,50185
691,50186
691,50187
691,50188
691,50189
691,50190
691,50191
691,50192
691,50193
691,50223
691,50224
691,50226
691,50227
691,50316
691,50317
691,50358
691,50704
691,50748
691,50798
691,50829
691,50862
691,50863
691,50864
691,50865
691,50866
691,50867
691,50868
691,50869
691,50870
691,50871
691,50872
691,50943
691,50960
691,50966
691,50968
691,50970
691,50971
691,50972
691,50988
691,51090
691,51093
691,51106
691,51107
691,51131
691,51145
691,51181
691,51224
691,51255
691,51330
691,51342
691,51343
691,51344
691,51368
691,51369
691,51410
691,51513
691,51514
691,51615
691,51616
691,51617
691,51618
691,51619
691,51620
691,51621
691,51624
691,51625
691,51627
691,51628
691,51660
691,51661
691,51662
691,51671
691,51825
691,51867
691,51902
691,51903
691,51904
691,51960
691,52036
691,52038
691,52039
691,52040
691,52175
691,52180
691,52181
691,52182
691,52184
691,52186
691,52188
691,52189
691,52190
691,52191
691,52192
691,52193
691,52194
691,52195
691,52196
691,52197
691,52198
691,52199
691,52200
691,52201
691,52202
691,52203
691,52204
691,52205
691,52206
691,52207
691,52210
691,52211
691,52338
691,52340
691,52341
691,52384
691,52552
691,52553
691,52554
691,52555
691,52556
691,52557
691,52558
691,52559
691,52560
691,52561
691,52562
691,52563
691,52564
691,52565
691,52566
691,52567
691,52621
691,52683
691,52692
691,52744
691,52776
691,52831
691,52866
691,52893
691,52901
691,52999
691,53000
691,53001
691,53003
691,53004
691,53005
691,53006
691,53007
691,53008
691,53128
691,53175
691,53179
691,53252
691,53261
691,53262
691,54083
691,54086
691,54110
691,54143
691,54244
691,54268
691,54279
691,54280
691,54359
691,54364
691,54378
691,54496
691,54510
691,54585
691,54586
691,54713
691,54715
691,54835
691,54987
691,54995
691,55056
691,55088
691,55106
691,55138
691,55139
691,55140
691,55141
691,55196
691,55267
691,55269
691,55290
691,55367
691,55412
691,55413
691,55511
691,55516
691,55550
691,55551
691,55552
691,55553
691,55573
691,55574
691,55575
691,55576
691,55583
691,55585
691,55586
691,55594
691,55626
691,55627
691,55628
691,55630
691,55631
691,55679
691,55680
691,55681
691,55683
691,55684
691,55697
691,55846
691,55918
691,55928
691,55932
691,55997
691,56019
691,56025
691,56048
691,56080
691,56107
691,56145
691,56174
691,56175
691,56182
691,56183
691,56198
691,56199
691,56216
691,56236
691,56270
691,56276
691,56280
691,56290
691,56291
691,56302
691,56303
691,56321
691,56332
691,56405
691,56406
691,56513
691,56537
691,56538
691,56572
691,56643
691,56673
691,56688
691,56736
691,56766
691,56768
691,56792
691,56817
691,56818
691,56854
691,56864
691,56865
691,56874
691,56876
691,56877
691,56880
691,56881
691,56883
691,56890
691,56891
691,56892
691,56893
691,56937
691,56944
691,56975
691,57136
691,57153
691,57154
691,57569
691,57570
750,3368
763,22907
831,41328
831,89002
831,89820
831,91726
831,97282
831,97325
831,203582
835,1825
835,3773
835,15501
846,64664
913,2419
913,2421
932,3354
932,3363
932,3985
932,12698
1007,2370
1007,2494
1007,2522
1007,2542
1007,3019
1007,3031
1007,3032
1044,2694
1044,3749
1044,3774
1044,3775
1044,4333
1044,4389
1044,4391
1044,4755
1044,6534
1044,7392
1044,7427
1044,7428
1044,7848
1044,7849
1044,8479
1044,8480
1044,9451
1044,9452
1044,9689
1044,10086
1044,14621
1044,14947
1044,15011
1044,16220
1044,16221
1044,16222
1044,16225
1044,16227
1044,16228
1044,16231
1044,16235
1044,16241
1044,16242
1044,16569
1044,16570
1044,16571
1044,16572
1044,16573
1044,16574
1044,16575
1044,16576
1044,16577
1044,16578
1044,16579
1044,16580
1044,16581
1044,16582
1044,16583
1044,16584
1044,16585
1044,16586
1044,16587
1044,19535
1044,21249
1044,22931
1044,24081
1081,40733
1081,43722
1081,43723
1081,163433
1221,350764
1242,21818
1242,42891
1242,59216
1242,59217
1242,59363
1249,41801
1249,133359
1318,1888
1318,8093
1473,1466
1473,1542
1473,1732
1473,2248
1473,2986
1473,6545
1473,6548
1473,6700
1473,6751
1473,6761
1473,7774
1491,3966
1530,8717
1530,23349
1530,33719
1530,85183
1530,85185
1541,3179
1541,4042
1581,3030
1581,4193
1581,7140
1581,7822
1581,8379
1686,27758
1706,1472
1706,3404
1706,3570
1706,3684
1706,3772
1706,4140
1706,4150
1706,6599
1706,22844
1706,50718
1706,121649
1706,190165
1706,190166
1706,203398
1706,211507
1706,352596
1739,1648
1739,9849
1739,9852
1739,10121
1744,452
1744,475
1744,52160
1903,31371
1903,31414
1903,44128
1965,3977
1965,3991
1978,2480
1978,4229
1978,23306
1978,68230
2045,2148
2045,2175
2045,2176
2045,2177
2045,2178
2045,2190
2045,4755
2045,4989
2154,34839
2154,37273
2154,37324
2154,37418
2154,37433
2154,37496
2154,37506
2154,37521
2154,37627
2154,37628
2154,37629
2154,37630
2154,37631
2154,37632
2154,37633
2154,37641
2154,37642
2154,37643
2154,37663
2154,37675
2154,37688
2158,1892
2158,2877
2158,8016
2158,56259
2158,56811
2158,60423
2180,1755
2180,1756
2233,59378
2237,22110
2283,1520
2283,1713
2283,2045
2304,1452
2304,2783
2304,3053
2304,3168
2304,3570
2304,3571
2304,3590
2412,2441
2412,2442
2412,2443
2412,2444
2412,2495
2412,2497
2412,2615
2412,2647
2514,2236
2514,2247
2514,12602
2520,1636
2654,575
2654,577
2654,579
2660,2731
2660,2736
2660,2737
2660,4524
2660,4538
2660,4540
2777,772491
2777,981444
2778,3316
2781,1808
2781,11723
2793,1513
2819,30632
2859,717
2860,2151
2860,2182
2860,2183
2860,8806
2860,20894
2860,139814
2860,171255
2860,191447
2996,1885
2996,2470
2996,2480
2996,2481
2996,2483
2996,2492
2996,2493
2996,2495
2996,3954
2996,3955
3035,8488
3064,4533
3124,3801
3125,2270
3231,2389
3231,2987
3231,5813
3231,6219
3231,7220
3231,10032
3231,15552
3231,19443
3313,1520
3313,87015
3354,23602
3395,141492
3449,152598
3469,379
3490,1816
3502,14024
3502,14025
3646,12780
3646,12856
3646,13082
3646,13088
3646,14346
3646,14455
3646,14572
3646,14574
3646,14597
3646,15356
3646,15366
3646,15371
3725,4490
3725,6381
3725,6522
3725,9071
3747,1949
4259,800
4259,802
4259,803
4259,804
4259,807
4259,808
4259,809
4259,810
4259,811
4259,812
4259,813
4259,814
4259,815
4259,816
4259,817
4259,818
4259,819
4259,820
4259,821
4259,885
4259,886
4259,887
4259,888
4259,889
4259,890
4259,891
4259,892
4259,893
4259,894
4259,895
4259,896
4259,897
4259,898
4259,899
4259,900
4259,901
4259,902
4259,903
4259,904
4259,905
4259,906
4259,907
4259,908
4259,909
4259,910
4259,911
4259,912
4259,913
4259,914
4259,973
4259,974
4259,975
4259,976
4259,977
4259,978
4259,979
4259,980
4259,981
4259,982
4259,983
4259,984
4259,985
4259,986
4259,987
4259,988
4259,989
4259,990
4259,1027
4259,1028
4259,1029
4259,1030
4259,1031
4259,1032
4259,1033
4259,1034
4259,1035
4259,1036
4259,1037
4259,1038
4259,1039
4259,1040
4259,1041
4259,1042
4259,1043
4259,1044
4259,1045
4259,1046
4259,1047
4259,1048
4259,1052
4259,1054
4259,1204
4259,1205
4259,1206
4259,1207
4259,1208
4259,1209
4259,1210
4259,1211
4259,1212
4259,1213
4259,1214
4259,1215
4259,1216
4259,1217
4259,1218
4259,1219
4259,1220
4259,1221
4259,1222
4259,1223
4259,1224
4259,1225
4259,1226
4259,1227
4259,1228
4259,1229
4259,1230
4259,1231
4259,1232
4259,1233
4259,1234
4259,1235
4259,1236
4259,1237
4259,1238
4259,1239
4259,1240
4259,1241
4259,1502
4259,1859
4259,1860
4259,1861
4259,1862
4259,1863
4259,1864
4259,1865
4259,1866
4259,1867
4259,1868
4259,1869
4259,1870
4259,1871
4259,1872
4259,1873
4259,1874
4259,1875
4259,1876
4259,1877
4259,1878
4259,1879
4259,1880
4259,1881
4259,1882
4259,1883
4259,1884
4259,1885
4259,1886
4259,1887
4259,1888
4259,1889
4259,1890
4259,1891
4259,1892
4259,1893
4259,1894
4259,1895
4259,1896
4259,1897
4259,1898
4259,1899
4259,1900
4259,1901
4259,1902
4259,1903
4259,1904
4259,1905
4259,1906
4259,1907
4259,1908
4259,1909
4259,1910
4259,1911
4259,1912
4259,1913
4259,1914
4259,1915
4259,1916
4259,1917
4259,1918
4259,1919
4259,1920
4259,1921
4259,1922
4259,1923
4259,1924
4259,1925
4259,1926
4259,1927
4259,1928
4259,1929
4259,1930
4259,4422
4259,4425
4259,5036
4259,6161
4259,10402
4259,11646
4259,11891
4259,11893
4259,11894
4259,11895
4259,11896
4259,11897
4259,11898
4259,11899
4259,11900
4259,11902
4259,11903
4259,11904
4259,12010
4259,12254
4259,12280
4259,12556
4259,12572
4259,14017
4259,14085
4259,14702
4259,15403
4259,15481
4259,15560
4259,15660
4259,16228
4259,16677
4259,26309
4413,1933
4413,8630
4413,11766
4428,17928
4435,12956
4444,23028
4492,2042
4541,150183
4798,40324
4913,12957
4935,4096
4935,4099
4935,4100
4935,4102
5055,1520
5055,2110
5269,13686
5364,1520
5458,20871
5474,17119
5618,1520
5618,1688
5618,1805
5618,1806
5618,1807
5618,5260
5618,25627
5618,30161
5618,46688
5664,1
5664,218
5975,12116
5975,55225
5975,55837
5975,55838
6106,3172
6247,1878
6247,1879
6247,1882
6247,1884
6247,1891
6247,1943
6247,1944
6527,1897
6558,2629
6558,4011
6558,4012
6558,4013
6558,4014
6558,4148
6558,4149
6558,4154
6558,4256
6558,4428
6558,4429
6558,4430
6663,11659
6671,5519
6708,1520
6709,3411
6709,3412
6840,16322
7107,17559
7297,13109
7297,13110
7468,1962
7471,14344
7488,2402
7488,2818
7488,19023
7488,19488
7488,19524
7488,19528
7488,19529
7488,23070
7488,23078
7777,2978
7777,2981
7777,2982
7777,2984
7777,2985
7777,2986
7777,2987
7777,2991
7777,2992
7777,3003
7777,3004
7777,3005
7777,3261
7777,3364
7777,3365
7777,3395
7777,3396
7777,3433
7777,3664
7777,3669
7777,3696
7777,4117
7777,4137
7777,4384
7777,4832
7777,4875
7777,4881
7777,4886
7777,5107
7777,5185
7777,5266
7777,5268
7777,5549
7777,5604
7777,5606
7777,6069
7777,7101
7777,7104
7777,7141
7777,7483
7777,7498
7777,7719
7931,1520
8035,3101
8035,25531
8155,5248
8155,6063
8246,1500
8246,1787
8246,4255
8246,4382
8249,1520
8249,3804
8249,3923
8249,3950
8249,3951
8249,3952
8249,3953
8322,15841
8322,15909
8523,2109
8523,2116
8523,2362
8571,2149
9053,1805
9252,23323
9524,43392
10381,10693
10513,1688
10513,1993
10513,5638
10994,1575
10994,2668
10994,3313
10994,16112
11008,2477
11109,5688
11132,5059
11132,5060
11531,1492
11531,1496
11531,1500
11531,1520
11557,1520
11557,1949796
11649,5797
11669,1910
11669,16286
11710,6250
11862,5023
11862,5029
11954,1910
12037,1908
12037,2641
12244,51963
12264,1908
12264,1910
12264,1943
12264,1945
13042,9738
13501,1908
14733,1288
14733,22044
14733,22048
14733,22075
14733,22106
14733,22111
14733,22115
14764,1908
14764,1246706
15895,8394
15978,1910
18068,1910
18068,2196
18068,2198
18068,8391
18068,10322
18068,10453
18962,4460
18962,36279
18962,50157
19911,2284
23556,4662011
24101,4460
26579,1910
26828,1520
26828,2601
29114,4293
29908,1
29908,2
29908,8367
29976,1910
37970,9888
37970,9895
37970,9905
37970,9906
37970,9907
37970,9910
37970,9911
37970,9917
37970,9918
37970,9919
37970,9937
37970,9943
37970,9947
37970,13289
38926,3885
38969,1910
38969,11939
40226,1910
41407,1910
44810,8811
49200,732
49200,788
51410,1908
51410,1910
51410,1943
51410,1945
52685,1908
53715,11878
53715,12530
54167,6825
59032,56219
59032,69785
59032,69910
59032,91574
62174,1239
62174,1240
66452,54829
67931,2809
68170,3225
77236,661
79597,120
79597,238
81983,83
81983,106
81983,21203
82256,1520
82256,4153
82256,4502
82256,4504
82256,4842
82256,4902
82256,4903
82256,4980
82256,5035
82256,7912
82256,9741
82256,11713
87205,10231
89210,75450
90277,131
90308,3226
90474,1910
95889,253899
100807,633
100925,11916
104365,1910
109114,1908
109114,5613
109114,5618
109114,5623
109114,5627
109114,5648
109114,5673
109114,5701
109114,5702
109114,5707
109114,5733
109114,5744
109114,5750
109114,5758
109114,5782
109114,5792
109114,5793
109114,5799
109114,5814
109114,5822
109114,5823
109114,5831
109114,5838
109114,5846
109114,5847
109114,5853
109114,5855
109114,5866
109114,5870
109114,5900
109114,5904
109114,5915
109114,5919
109114,5927
109114,5943
109114,6044
109114,6048
109114,6092
109114,6125
109114,6126
109114,6195
109114,6306
109114,6328
109114,6372
109114,6470
109114,6471
109114,6496
109114,6528
109114,6531
109114,6561
109114,6575
109114,6639
109114,6667
109114,6683
109114,6685
109114,6699
109114,6703
109114,6706
109114,6716
109114,6801
109114,6829
109114,6836
109114,6946
109114,6952
109114,6971
109114,6982
109114,7021
109114,7062
109114,7067
109114,7120
109114,7159
109114,7170
109114,7346
109114,7401
109114,7417
109114,7638
109114,7733
109114,7754
109114,7822
109114,7913
109114,8010
109114,8117
109114,8120
109114,8189
109114,8307
109114,8425
109114,8438
109114,8470
109114,8475
109114,8478
109114,8562
109114,8677
109114,8688
111955,1910
113854,1910
114174,7185
121833,27197
126805,849
126805,1372
126805,3265
126805,3396
126805,3443
126805,4524
126805,4679
126805,5895
126805,5896
126805,5897
126805,5898
126805,5899
134307,202
134307,203
134307,223
134307,234
134307,235
134307,236
134307,237
134307,238
134307,239
134307,240
134307,241
134307,242
134307,249
134307,475
134307,476
134307,477
134307,478
134307,479
134307,480
134307,481
134307,482
134307,483
134307,484
134307,720
134307,752
134307,753
134307,829
134307,859
134307,860
134307,861
134307,862
134307,863
134307,864
134307,865
134307,3021
134307,3022
134307,3023
134307,3024
134307,3048
134307,3072
134307,3105
134307,3128
134307,3129
134307,3130
134307,4774
134307,5067
134307,5300
134307,5301
134307,5302
134307,5303
134307,5321
134307,5322
134307,5323
134307,5324
134307,5325
134307,5326
134307,5327
134307,5706
134307,5853
134307,6068
137043,1492
137043,1637
137043,1785
139852,308
142322,7540
147413,131061
147413,131867
147413,134664
147413,161292
147413,162023
147413,195285
147413,206553
147413,220914
147413,232694
147413,233375
147413,233407
147413,440876
149294,562
149294,3268
149294,10042
149294,10046
149294,10913
149294,14702
151346,27033
152224,94390
157548,1910
158909,1910
162499,2400
165421,1520
167846,1520
167846,1910
168482,163
169605,54
169605,59
169605,60
169605,61
169605,62
169605,63
169605,64
169605,66
169605,99
169605,5379
169605,5380
169605,5382
169605,5383
169605,5384
169605,22452
169605,23444
169605,24262
169605,24875
169605,46194
171802,1492
171802,1500
171802,1637
171802,1785
171802,1786
171802,1787
171802,1788
171802,1879
171802,1910
171802,1986
177996,1910
178199,674
178199,675
178802,155
183737,1908
183737,1910
183737,1943
183737,1945
185111,899622
186256,4645
186256,6264
186256,6497
189850,30641
197253,1492
197253,1500
197253,1520
197253,1787
197253,1788
197253,1910
197253,3016
202270,1908
202270,1910
202270,3604
202270,4056
202270,4064
202270,4065
207703,1910
207703,4599
215894,2055
215894,2247
215894,5897
215894,32561
215894,34273
215894,34418
215894,34419
218059,1910
218059,4154
218059,9040
223466,13097
226011,1660
229033,1908
229033,124704
229033,124745
239342,1910
239573,1910
243470,503688
244592,1910
245424,1908
245424,1910
250551,1908
250551,1910
252571,1910
260292,1910
260292,3514
263695,1910
267420,8442
271325,1910
272248,1520
272248,1910
272248,2039
272248,2040
272248,2048
272248,2049
272248,2478
272248,23107
272248,23229
272248,23230
272248,23231
272248,23244
274361,1896
280741,134115
285571,1910
294206,5534
294206,6816
295658,1908
295658,1910
295658,25743
295658,25745
295658,48108
295658,49767
300851,35972
306065,1908
306065,1910
306065,1943
306065,1945
321995,1908
321995,2342
321995,21559
322043,9935
322043,32601
327772,1908
327772,1910
327772,1943
327772,1945
331599,95
331747,1908
331747,1910
355486,1520
355486,1908
355486,36928
355486,37976
359486,82
359486,83
361686,1520
361686,2061
361686,2285
361686,23054
362830,1910
372751,1851
372751,1904
377721,321
379993,1062982
381531,2114
381531,3117
405961,21180
407482,4192
407482,4904
407482,4905
407482,4906
407482,5030
417335,68
417827,7143
417827,8018
420302,1910
422332,2243
422332,152191
427912,1910
443107,303
443107,304
443300,1910
443588,15128
444292,1910
444292,5270
444292,46918
444292,46919
444292,46920
453462,314
453462,321
459364,1102
461541,2087
461541,2108
461541,7508
462582,1520
465743,1908
475882,16953
492174,24114
497253,22447
501184,136399
503737,136728
504085,70
507469,321
510561,1520
510561,1908
510561,1910
510561,7976
510561,7985
510561,7986
512217,68
512217,69
515002,244365
526788,1910
527466,1908
527466,3306
527466,3308
534893,4547
535645,309
535645,849
535645,851
536177,1910
536177,9088
544934,1908
545183,321
546264,1910
549948,1910
550547,6776
558403,2476
558705,14998
560065,1413
560065,1455
562584,171
572583,24565
577365,2193
577365,2379
577365,3340
580614,2260
581108,15149
583291,5196
590987,12855
590987,12857
590987,12859
595967,1908
601707,4204
604797,1910
604797,4142
604797,4143
604797,4144
604797,4145
604797,4146
605254,1100
612044,2606
612044,2883
613994,356
614094,1896
614094,1910
614094,51768
614094,51770
614094,51772
615689,321
617291,1727
620348,1492
620348,1500
620348,1520
620348,1787
620348,1788
620348,2561
621556,1908
621556,1910
621556,5463
622140,1910
631915,1910
632746,1908
635922,1520
648356,2914
648356,2917
648356,2920
658996,258200
658996,258209
658996,287050
671512,13972
671704,5254
673963,7982
678343,4432
678343,9102
679497,7612
679497,9488
681379,1520
681379,9709
681379,9712
681379,9747
685207,321
685207,459257
690467,717
693457,2179
701294,1908
706188,1987
711765,1908
711765,1910
712449,1
724592,28703
727950,727
727950,2964
727950,3693
730095,52
730095,5319
736299,1910
739513,4084
743755,5712
743755,34252
744464,321
744464,637
744464,924
744464,3785
744464,3987
744464,3988
744464,4551
744464,20806
744464,20813
744464,20841
750078,2799
752726,2195
764933,70
764933,207
764933,208
764933,404
764933,419
769303,1910
769303,33364
772280,515
772280,520
772280,3521
776654,1908
780322,1910
780322,34942
780322,34943
795170,1908
795170,1910
795170,2395
795170,76005
797648,1910
810309,1955
813333,374079
827272,114
827639,4791
834460,1910
834460,6705
838253,1648
838253,1657
838819,1584
841912,743
849806,1908
849806,1910
853639,2485
853639,2492
858492,1910
862554,321
862554,578
862554,680
862554,704
862554,842
864293,1775
864293,2349
864293,11215
864293,12270
864293,12277
864293,22286
864293,29173
864293,30633
865669,44
865669,1357
865669,1526
865669,10293
865669,10966
865669,11071
865669,11115
873876,8973
874359,171
876099,101
876099,120
877277,2185
879219,6214
884871,2309
901610,10448
906247,26071
907488,2083
910209,2207
919917,498
924314,68
925119,2216
926131,841
934934,9820
968184,1492
968184,1500
968184,1785
968184,1788
968184,1879
968184,2491
968184,2518
968184,2521
968184,3024
968184,3037
968184,3385
968184,4369
970730,2426
974177,2392
974177,2393
976635,1760
979662,2132
983286,2348
988961,12
988961,507
989102,3076
989623,12
993734,2669
999896,2
999896,2206
1002479,9066
1002479,9122
1002479,21992
1002717,498
1002717,499
1002717,500
1002717,657
1015621,1274
1015621,1278
1015621,1279
1015621,1281
1015621,2839
1015621,2986
1022365,204
1022365,288
1026134,2215
1026134,2244
1026134,2291
1027394,8997
1030134,8294
1030134,8295
1031256,1802
1031256,2045
1036242,68
1036242,321
1036242,9524
1036821,1785
1036821,1788
1036821,1879
1036821,2086
1036821,2087
1036821,2090
1036821,2609
1036821,2612
1036821,2617
1036821,2918
1037545,70
1037545,538
1043636,7548
1049120,2215
1049145,68
1049145,321
1051526,68
1051526,601
1062250,2448
1064403,176
1064403,187
1064403,189
1064403,191
1064403,194
1064403,265
1064403,945
1064403,947
1064403,957
1064403,958
1064403,995
1064403,1000
1064403,31024
1064403,31286
1064403,31292
1064403,31299
1064403,31310
1064403,31342
1079492,11447
1079492,11504
1084546,3132
1091233,2361
1091233,2442
1091233,2453
1091233,2455
1091233,2472
1091233,2473
1091233,2790
1091233,2913
1091233,2914
1091233,4680
1097173,3206
1101722,2901
1104261,2159
1106472,262
1106472,263
1106472,267
1106472,268
1106472,465
1106651,1348
1110077,2563
1110077,3039
1116769,5685
1130925,2090
1131562,2395
1131562,2506
1133082,2270
1138067,4223
1143697,2166
1150512,2099
1153846,234
1153854,437
1159383,576
1163690,3322
1164951,2203
1164951,2204
1165563,2474
1165563,13523
1167000,2446
1172155,2425
1174789,52
1174825,236
1174825,240
1174825,491
1174825,2038
1174825,6493
1174825,6778
1174825,9241
1174825,13304
1174825,13729
1174825,16791
1174825,17126
1174825,19807
1174825,32474
1174825,33910
1174825,34010
1174825,34700
1174825,38182
1174825,39233
1174825,43614
1174825,48404
1174825,49654
1174825,62708
1174825,62709
1174825,64173
1174825,64176
1174825,65299
1174825,79325
1174825,79614
1174825,86541
1174825,93357
1174825,118273
1174825,120808
1174825,148694
1174825,153139
1174825,177089
1174825,183650
1174825,185277
1174825,192473
1174825,203139
1174825,205658
1174825,209983
1174825,211221
1174825,224935
1174825,226859
1174825,227224
1174825,236427
1174825,242784
1174825,273836
1174825,273866
1174825,275171
1174825,281834
1174825,283547
1174825,336020
1174825,346487
1174825,363545
1174825,384264
1174825,386141
1174825,392547
1174825,398513
1174825,400276
1174825,405085
1174825,439803
1174825,439881
1174825,455150
1174825,457359
1174825,475482
1174825,475790
1174825,480464
1174825,480468
1174825,480471
1174825,480476
1174825,484396
1174825,489925
1174825,492577
1174825,496956
1174825,496971
1174825,526668
1174825,526736
1174825,527562
1174825,528046
1174825,528049
1174825,528051
1174825,528052
1174825,530275
1174825,530277
1174825,533822
1184770,5019
1184776,3056
1184776,3057
1184776,3060
1184776,3061
1184776,3062
1184776,3063
1184776,3064
1185397,527
1185397,528
1185397,529
1185397,530
1185397,554
1190974,2177
1191880,2096
1193894,1428
1197333,2333
1197740,2174
1197800,124
1202948,2798
1203508,626
1203508,800
1203508,2121
1207306,1857
1209647,569
1209647,739
1211114,2927
1211289,2184
1211289,2569
1211289,2572
1216736,2487
1216736,2490
1221576,95
1221576,97
1221576,106
1221576,113
1224989,22432
1226008,2173
1226862,1734
1228890,131
1228890,1127
1228890,1530
1231045,593
1231045,597
1231045,608
1231045,638
1231045,647
1234681,1977
1234681,1981
1234681,2703
1234681,2768
1234681,3820
1238938,65
1242344,12
1242344,96
1242344,133
1242344,141
1242344,284
1242344,285
1242344,288
1242344,289
1242344,290
1242344,291
1242344,292
1242344,294
1242344,295
1242344,296
1242344,477
1242551,995
1242551,996
1242971,701
1243886,3800
1250761,5873
1253118,537
1260769,2163
1260769,2165
1264646,195
1265166,122
1267970,108
1269774,232
1273327,189
1273327,190
1273327,236
1273327,237
1273327,280
1275190,131
1275190,132
1276352,122
1279519,139
1279519,140
1281355,2
1281355,387
1281355,388
1281365,182
1281365,186
1281365,187
1281365,192
1281365,194
1281365,247
1281365,253
1281365,258
1281365,259
1281365,260
1281365,261
1281365,263
1281365,311
1281365,316
1281365,320
1281365,327
1281365,344
1281382,524
1282255,533
1285417,112
1286049,459
1286226,387
1286875,117
1286875,118
1286875,119
1288970,110
1288970,114
1289076,20
1290686,87
1290686,110
1290813,276
1291095,2227
1294368,234
1294368,265
1296244,74
1296244,492
1296244,493
1296244,494
1296244,495
1297491,119
1298266,122
1299232,52
1304403,326
1306409,415
1306409,423
1306409,438
1306409,448
1306409,454
1306409,540
1306409,541
1306828,116
1310744,175
1310744,176
1318047,100
1319602,98
1319787,87
1319787,90
1319824,87
1319824,89
1319824,90
1319824,92
1320062,92
1324594,93
1324631,94
1324817,94
1324817,101
1324927,108
1325881,82
1325881,86
1325881,87
1326059,89
1326480,27
1326480,29
1326617,100
